Workbook

Sheet Read Me First
B2: Defect Log — My Demo App (Android)
B4: Purpose | C4: One row per defect. The full narrative ticket for each lives in docs/17-DEFECT-REPORTS.md.
B6: SEVERITY — technical impact, set by QA
B7: Critical | C7: App unusable, data loss, or money calculated wrongly. No workaround. Example: order total does not match the sum of its lines.
B8: High | C8: Major function broken; workaround is painful. Example: cart is lost when the app is killed.
B9: Medium | C9: Function impaired; reasonable workaround exists. Example: scroll position lost on back navigation.
B10: Low | C10: Cosmetic, or copy and content errors. Example: a misspelled username on the login screen.
B12: PRIORITY — business urgency, agreed with the Product Owner
B13: P1 Blocker | C13: Fix before release.
B14: P2 High | C14: Fix in the current sprint.
B15: P3 Medium | C15: Fix in an upcoming sprint.
B16: P4 Low | C16: Backlog.
B18: Severity is not Priority | C18: A misspelled brand name on the login screen is Low severity and can still be P1 priority. Be ready to give that example in an interview — it is asked constantly.
B20: FREQUENCY | C20: Always state a hit rate, never a feeling. 'Always (5/5)' or 'Intermittent (3/5)'. An engineer plans differently for each, and an unreproduced defect is usually unfixable.
B22: LIFECYCLE | C22: New -> Triaged -> In Progress -> Ready for Test -> Verified -> Closed. Side paths: Rejected, Duplicate, Cannot Reproduce, Deferred.
B24: EVERY TICKET NEEDS | C24: Device, OS version, app version, network. Numbered steps a stranger could follow. Expected, actual, and why expected is expected. Severity, priority, frequency. Evidence file. Business impact.
B26: DATA PROTECTION | C26: Redact all personal data from screenshots before committing. Read every logcat file before attaching it — they can contain device identifiers and tokens.

Sheet Defect Log
A1: Bug ID | B1: Module | C1: Summary | D1: Severity | E1: Priority | F1: Frequency | G1: Journey Stage | H1: Linked Test Case | I1: Risk ID | J1: Steps (short) | K1: Expected | L1: Actual | M1: Device | N1: OS | O1: App Version | P1: Evidence File | Q1: Status | R1: Reported On | S1: Fixed In Build | T1: Verified On | U1: Comments
A2: BUG-001 | B2: Login & Authentication | C2: [Login] A username in the credential list is misspelled, so anyone typing it by eye cannot log in | D2: Low | E2: P2 High | F2: Always (5/5) | G2: Account | H2: TC-LOGIN-019 | I2: R-04 | J2: 1. Launch app 2. Menu > Log In 3. Read each username in the list letter by letter | K2: Every demo username is spelled as intended | L2: One username is misspelled; typing it as displayed fails to authenticate | M2: (your device) | N2: Android 14 | O2: (app version) | P2: evidence/BUG-001-login-usernames.png | Q2: Triaged | R2: (date) | U2: EXAMPLE ROW — replace with your own verified findings
A3: BUG-002
A4: BUG-003
A5: BUG-004
A6: BUG-005
A7: BUG-006
A8: BUG-007
A9: BUG-008
A10: BUG-009
A11: BUG-010
A12: BUG-011
A13: BUG-012
A14: BUG-013
... A62: BUG-061

Sheet Triage Summary
B2: Triage Summary
B3: Calculated from the Defect Log tab, rows 2 to 62.
B5: Severity | C5: Total | D5: P1 Blocker | E5: P2 High | F5: P3 Medium | G5: P4 Low | H5: Open
B6: Critical | C6: =COUNTIF('Defect Log'!$D$2:$D$62,$B6) | D6: =COUNTIFS('Defect Log'!$D$2:$D$62,$B6,'Defect Log'!$E$2:$E$62,"P1 Blocker") | E6: =COUNTIFS('Defect Log'!$D$2:$D$62,$B6,'Defect Log'!$E$2:$E$62,"P2 High") | F6: =COUNTIFS('Defect Log'!$D$2:$D$62,$B6,'Defect Log'!$E$2:$E$62,"P3 Medium") | G6: =COUNTIFS('Defect Log'!$D$2:$D$62,$B6,'Defect Log'!$E$2:$E$62,"P4 Low") | H6: =COUNTIFS('Defect Log'!$D$2:$D$62,$B6,'Defect Log'!$Q$2:$Q$62,"New")+COUNTIFS('Defect Log'!$D$2:$D$62,$B6,'Defect Log'!$Q$2:$Q$62,"Triaged")+COUNTIFS('Defect Log'!$D$2:$D$62,$B6,'Defect Log'!$Q$2:$Q$62,"In Progress")+COUNTIFS('Defect Log'!$D$2:$D$62,$B6,'Defect Log'!$Q$2:$Q$62,"Ready for Test")
B7: High | C7: =COUNTIF('Defect Log'!$D$2:$D$62,$B7) | D7: =COUNTIFS('Defect Log'!$D$2:$D$62,$B7,'Defect Log'!$E$2:$E$62,"P1 Blocker") | E7: =COUNTIFS('Defect Log'!$D$2:$D$62,$B7,'Defect Log'!$E$2:$E$62,"P2 High") | F7: =COUNTIFS('Defect Log'!$D$2:$D$62,$B7,'Defect Log'!$E$2:$E$62,"P3 Medium") | G7: =COUNTIFS('Defect Log'!$D$2:$D$62,$B7,'Defect Log'!$E$2:$E$62,"P4 Low") | H7: =COUNTIFS('Defect Log'!$D$2:$D$62,$B7,'Defect Log'!$Q$2:$Q$62,"New")+COUNTIFS('Defect Log'!$D$2:$D$62,$B7,'Defect Log'!$Q$2:$Q$62,"Triaged")+COUNTIFS('Defect Log'!$D$2:$D$62,$B7,'Defect Log'!$Q$2:$Q$62,"In Progress")+COUNTIFS('Defect Log'!$D$2:$D$62,$B7,'Defect Log'!$Q$2:$Q$62,"Ready for Test")
B8: Medium | C8: =COUNTIF('Defect Log'!$D$2:$D$62,$B8) | D8: =COUNTIFS('Defect Log'!$D$2:$D$62,$B8,'Defect Log'!$E$2:$E$62,"P1 Blocker") | E8: =COUNTIFS('Defect Log'!$D$2:$D$62,$B8,'Defect Log'!$E$2:$E$62,"P2 High") | F8: =COUNTIFS('Defect Log'!$D$2:$D$62,$B8,'Defect Log'!$E$2:$E$62,"P3 Medium") | G8: =COUNTIFS('Defect Log'!$D$2:$D$62,$B8,'Defect Log'!$E$2:$E$62,"P4 Low") | H8: =COUNTIFS('Defect Log'!$D$2:$D$62,$B8,'Defect Log'!$Q$2:$Q$62,"New")+COUNTIFS('Defect Log'!$D$2:$D$62,$B8,'Defect Log'!$Q$2:$Q$62,"Triaged")+COUNTIFS('Defect Log'!$D$2:$D$62,$B8,'Defect Log'!$Q$2:$Q$62,"In Progress")+COUNTIFS('Defect Log'!$D$2:$D$62,$B8,'Defect Log'!$Q$2:$Q$62,"Ready for Test")
B9: Low | C9: =COUNTIF('Defect Log'!$D$2:$D$62,$B9) | D9: =COUNTIFS('Defect Log'!$D$2:$D$62,$B9,'Defect Log'!$E$2:$E$62,"P1 Blocker") | E9: =COUNTIFS('Defect Log'!$D$2:$D$62,$B9,'Defect Log'!$E$2:$E$62,"P2 High") | F9: =COUNTIFS('Defect Log'!$D$2:$D$62,$B9,'Defect Log'!$E$2:$E$62,"P3 Medium") | G9: =COUNTIFS('Defect Log'!$D$2:$D$62,$B9,'Defect Log'!$E$2:$E$62,"P4 Low") | H9: =COUNTIFS('Defect Log'!$D$2:$D$62,$B9,'Defect Log'!$Q$2:$Q$62,"New")+COUNTIFS('Defect Log'!$D$2:$D$62,$B9,'Defect Log'!$Q$2:$Q$62,"Triaged")+COUNTIFS('Defect Log'!$D$2:$D$62,$B9,'Defect Log'!$Q$2:$Q$62,"In Progress")+COUNTIFS('Defect Log'!$D$2:$D$62,$B9,'Defect Log'!$Q$2:$Q$62,"Ready for Test")
B10: Total | C10: =SUM(C6:C9) | D10: =SUM(D6:D9) | E10: =SUM(E6:E9) | F10: =SUM(F6:F9) | G10: =SUM(G6:G9) | H10: =SUM(H6:H9)
B12: RELEASE GATE
B13: Open Critical defects | C13: =H6 | D13: Must be 0 to ship
B14: Open High defects | C14: =H7 | D14: Must be 0 on the P1 path, or explicitly accepted by the PO
B15: Total defects logged | C15: =C10
